date,silver_nominal,gold_nominal,cpi,treasury_10y,dollar_index,copper_nominal,indpro_global,solar_mw,d_solar_mw,real_silver,real_gold,real_copper,log_silver,log_gold,log_copper,log_indpro,dlog_silver,dlog_gold,dlog_copper,dlog_indpro,d_treasury,d_dollar,d_solar_mw_lag6,solar_mw_lag6,post2016,covid,dlog_indpro_x_post2016,d_solar_x_post2016,d_solar_lag6_x_post2016
2010-01-01,24.45,1082.75,217.488,3.733157894736840,92.4403,3.337236842105260,75.4678242378489,41398.89200000000,,26.6437356888656,1179.8979475304400,3.636664881480460,3.2825540644021000,7.073183228575960,1.2910670202914500,4.323706396384030,,,,,,,,,0,0,,,
2010-02-01,24.19,1112.5,217.281,3.691052631578950,93.88668,3.119184210526320,75.7309739298714,43994.86816666670,2595.97616666666,26.38552074272490,1213.4721714047700,3.402286055693340,3.272815402979900,7.101241092398360,1.2244475750047100,4.32718724359858,-0.0097386614221997,0.028057863822404300,-0.0666194452867428,0.0034808472145462,-0.0421052631578957,1.4463800000000000,,,0,0,0.0,0.0,
2010-03-01,26.15,1109.5,217.353,3.7273913043478300,93.14987826086960,3.395413043478260,76.5758473028435,46590.84433333330,2595.976166666670,28.513964668074500,1209.798998058460,3.7023589887288100,3.3503939556230000,7.098209507484720,1.3089701810135700,4.33828171766374,0.0775785526430987,-0.003031584913643750,0.084522606008861,0.0110944740651603,0.0363386727688794,-0.736801739130442,,,0,0,0.0,0.0,
2010-04-01,27.78,1175.25,217.403,3.8468181818181800,92.63908636363640,3.5191904761904800,76.9890340684744,49186.8205,2595.97616666666,30.2843503309522,1281.1980823056700,3.8364433859720300,3.4106310883603900,7.155550920938440,1.3445457358401500,4.343662997016610,0.0602371327373902,0.057341413453715800,0.035575554826579,0.0053812793528704,0.1194268774703550,-0.5107918972332040,,,0,0,0.0,0.0,
2010-05-01,27.62,1214.0,217.29,3.4200000000000000,95.53064,3.105775,77.4877479869425,51782.796666666700,2595.97616666666,30.12558486354640,1324.1296171015700,3.3875194905713600,3.4053748061799200,7.1885106298182100,1.2200979398634700,4.350119833370620,-0.0052562821804764,0.03295970887977880,-0.1244477959766770,0.0064568363540074,-0.4268181818181810,2.891553636363630,,,0,0,0.0,0.0,
2010-06-01,27.96,1240.5,217.199,3.2040909090909100,96.06062727272730,2.938704545454550,77.4755779310846,54378.77283333330,2595.976166666670,30.50920552120410,1353.6004810105000,3.206635942180590,3.418028458442110,7.210523344208350,1.1652223945230400,4.349962763227590,0.0126536522621916,0.022012714390140100,-0.0548755453404297,-0.0001570701430271,-0.2159090909090920,0.5299872727272830,,,0,0,0.0,0.0,
2010-07-01,26.35,1168.0,217.605,3.011428571428570,94.45469047619050,3.064261904761910,77.7226870581908,56974.74900000000,2595.97616666666,28.698771225385500,1272.1125157969700,3.337402329389970,3.356854307402510,7.148434195803310,1.2051927586959000,4.353147197485840,-0.0611741510395971,-0.06208914840504140,0.039970364172857,0.0031844342582472,-0.1926623376623370,-1.6059367965368000,,41398.89200000000,0,0,0.0,0.0,
2010-08-01,28.11,1233.5,217.923,2.698636363636360,93.68223181818180,3.319818181818180,78.0697179245231,59570.72516666660,2595.97616666666,30.57097778802610,1341.490611936330,3.610462038301270,3.4200511206063400,7.201536671657310,1.2838357526040700,4.357602247015940,0.0631968132038305,0.05310247585399970,0.078642993908176,0.0044550495301001,-0.3127922077922080,-0.7724586580086450,2595.97616666666,43994.86816666670,0,0,0.0,0.0,0.0
2010-09-01,32.86,1311.0,218.275,2.6476190476190500,92.76259523809520,3.516523809523810,78.350616987297,62166.7013333333,2595.97616666666,35.67920057267210,1423.476322299850,3.81822149478323,3.574567901986370,7.260857273140940,1.3397847369218500,4.361193843529120,0.1545167813800240,0.059320601483631400,0.0559489843177809,0.0035915965131838,-0.0510173160173161,-0.9196365800865890,2595.976166666670,46590.84433333330,0,0,0.0,0.0,0.0
2010-10-01,35.63,1336.75,219.035,2.54,90.22912,3.773119047619050,78.8285462178009,64762.67750000000,2595.976166666670,38.55261648823250,1446.3993850868600,4.082616098998100,3.6520239702931900,7.276832564504290,1.4067379836695400,4.367275192910150,0.0774560683068275,0.015975291363346000,0.0669532467476856,0.0060813493810227,-0.1076190476190480,-2.533475238095250,2595.97616666666,49186.8205,0,0,0.0,0.0,0.0
2010-11-01,40.33,1375.0,219.59,2.763,90.509535,3.842071428571430,79.3267394737851,67358.65366666660,2595.9761666666500,43.52784998178420,1484.026623480120,4.1467173013180400,3.773400962701490,7.302514363916890,1.422317009497160,4.373575265672390,0.1213769924082980,0.025681799412597100,0.0155790258276207,0.0063000727622455,0.2230000000000000,0.2804150000000050,2595.97616666666,51782.796666666700,0,0,0.0,0.0,0.0
2010-12-01,45.45,1410.25,220.472,3.290909090909090,91.18347142857140,4.1705000000000000,79.8882123310551,69954.6298333333,2595.9761666666700,48.85758526025980,1515.9826097531700,4.483180623276430,3.888909643000850,7.32381909499745,1.5003327550768900,4.380628311613910,0.1155086802993620,0.021304731080563900,0.0780157455797356,0.0070530459415225,0.5279090909090910,0.6739364285714370,2595.976166666670,54378.77283333330,0,0,0.0,0.0,0.0
2011-01-01,40.98,1333.5,221.187,3.394,90.11122,4.3391,80.6017047892877,72550.60600000000,2595.97616666666,43.910047674592100,1428.8445235253400,4.649343286110850,3.782143170307310,7.264621371118630,1.5367259808321700,4.389519800520760,-0.1067664726935400,-0.05919772387882190,0.0363932257552792,0.0088914889068423,0.1030909090909090,-1.072251428571430,2595.97616666666,56974.74900000000,0,0,0.0,0.0,0.0
2011-02-01,49.22,1409.75,221.898,3.5763157894736800,89.3966894736842,4.491657894736840,80.5262758312534,75047.35300000000,2496.747000000000,52.570217554912600,1505.7063022762700,4.797387905496880,3.962149753208040,7.317017370932430,1.5680715834358900,4.388583539006720,0.1800065829007310,0.05239599981379770,0.0313456026037208,-0.0009362615140311,0.1823157894736850,-0.7145305263157980,2595.97616666666,59570.72516666660,0,0,0.0,0.0,0.0
2011-03-01,55.12,1431.0,223.046,3.4143478260869600,88.48722608695650,4.322652173913040,80.1903719094279,77544.10000000000,2496.7469999999900,58.56879953014180,1520.5361416479100,4.593115903709080,4.07020212356488,7.326818276415930,1.5245586398846300,4.38440345666113,0.1080523703568360,0.009800905483501770,-0.0435129435512631,-0.0041800823455941,-0.1619679633867280,-0.9094633867276800,2595.97616666666,62166.7013333333,0,0,0.0,0.0,0.0
2011-04-01,70.43,1531.0,224.093,3.455,86.92136666666670,4.304375,80.0283104860525,80040.84700000000,2496.747000000000,74.48708015199050,1619.1923855274400,4.55232607737078,4.310625689567740,7.3896827764681100,1.5156383281272500,4.382380453148400,0.2404235660028600,0.0628645000521777,-0.0089203117573843,-0.0020230035127317,0.0406521739130432,-1.565859420289850,2595.976166666670,64762.67750000000,0,0,0.0,0.0,0.0
2011-05-01,55.63,1537.0,224.806,3.168571428571430,86.94640476190480,4.056047619047620,80.5773785863396,82537.59400000000,2496.747000000000,58.6479335627163,1620.3824175066500,4.276088644420610,4.071552341106500,7.390417460557900,1.4530387236356200,4.389217947418940,-0.239073348461237,0.0007346840897923810,-0.0625996044916257,0.0068374942705364,-0.2864285714285710,0.0250380952380879,2595.9761666666500,67358.65366666660,0,0,0.0,0.0,0.0
2011-06-01,50.46,1508.0,224.806,3.002272727272730,86.94125454545450,4.118136363636360,81.1276638008431,85034.34100000000,2496.747000000000,53.19746049927490,1589.8091643461500,4.3415457101699,3.974010660232210,7.371369265587200,1.4682304391214100,4.3960240102428700,-0.0975416808742903,-0.019048194970694400,0.0151917154857901,0.0068060628239337,-0.166298701298702,-0.0051502164502181,2595.9761666666700,69954.6298333333,0,0,0.0,0.0,0.0
2011-07-01,57.05,1613.75,225.395,3.003,86.31780500000000,4.400825,81.5057274891047,87531.08800000000,2496.747000000000,59.987798476008800,1696.850303079040,4.6274461564974800,4.094141182808720,7.43652904866149,1.5320051298489300,4.400673293717510,0.1201305225765100,0.06515978307428670,0.063774690727514,0.0046492834746452,0.0007272727272731,-0.6234495454545480,2595.97616666666,72550.60600000000,0,0,0.0,0.0,0.0
2011-08-01,59.37,1826.0,226.106,2.3030434782608700,86.89824347826090,4.079000000000000,81.9073689287792,90027.83500000000,2496.7469999999900,62.2309620156033,1913.9925322636300,4.275561631491430,4.130852657494310,7.55694667036664,1.452915469547150,4.405588961521910,0.0367114746855872,0.12041762170515000,-0.079089660301777,0.0049156678043971,-0.6999565217391310,0.5804384782608740,2496.747000000000,75047.35300000000,0,0,0.0,0.0,0.0
2011-09-01,43.65,1629.0,226.597,1.975238095238100,89.72526666666670,3.737761904761900,81.9381497972719,92524.58200000000,2496.747000000000,45.65429545625050,1703.7994799136800,3.90939029427532,3.8210976980414600,7.440616024357890,1.3633814268702000,4.405964691893960,-0.3097549594528550,-0.11633064600875100,-0.0895340426769442,0.0003757303720499,-0.3278053830227740,2.8270231884058000,2496.7469999999900,77544.10000000000,0,0,0.0,0.0,0.0
2011-10-01,49.19,1718.0,226.75,2.152,90.609845,3.3435952380952400,81.8428543996991,95021.32900000000,2496.747000000000,51.41396287761850,1795.673678059540,3.494764819052870,3.939909786886120,7.493135538623070,1.2512660827357800,4.404800998841840,0.1188120888446620,0.05251951426518000,-0.1121153441344250,-0.0011636930521214,0.1767619047619050,0.884578333333323,2496.747000000000,80040.84700000000,0,0,0.0,0.0,0.0
2011-11-01,45.07,1704.0,227.169,2.0135,91.26488,3.4421904761904800,82.1173458373302,97518.07599999990,2496.7469999999900,47.020803333641500,1777.7556884962300,3.5911817487882400,3.85059012790093,7.483106998587630,1.2784813262684600,4.408149271089330,-0.089319658985187,-0.010028540035435200,0.0272152435326817,0.0033482722474866,-0.1385000000000010,0.6550350000000120,2496.747000000000,82537.59400000000,0,0,0.0,0.0,0.0
2011-12-01,40.61,1574.5,227.223,1.978095238095240,92.20559047619050,3.432071428571430,82.5221837968816,100014.82300000000,2496.747000000000,42.357688559256800,1642.2600501489700,3.579773767164540,3.746149952654610,7.403828651497480,1.275299604886360,4.413067151702640,-0.1044401752463190,-0.07927834709014990,-0.0031817213821054,0.0049178806133163,-0.0354047619047614,0.9407104761904610,2496.747000000000,85034.34100000000,0,0,0.0,0.0,0.0
2012-01-01,48.21,1738.0,227.842,1.9665,91.646265,3.66865,82.6913213386446,102511.57000000000,2496.747000000000,50.14814813555010,1807.8714262515300,3.816137806626960,3.9149815872166700,7.4999054246244800,1.3392388657817200,4.415114655031300,0.1688316345620630,0.09607677312699630,0.0639392608953672,0.0020475033286588,-0.0115952380952382,-0.559325476190466,2496.747000000000,87531.08800000000,0,0,0.0,0.0,0.0
2012-02-01,53.19,1788.0,228.329,1.9675,89.9605,3.84585,83.472789047216,105592.09908333300,3080.5290833333300,55.21034595912040,1855.9146188175800,3.9919291033443000,4.011150362516500,7.526132909495730,1.3842745986082200,4.42452069907243,0.0961687752998265,0.026227484871253800,0.0450357328264972,0.0094060440411292,0.0010000000000001,-1.6857650000000000,2496.7469999999900,90027.83500000000,0,0,0.0,0.0,0.0
2012-03-01,45.98,1660.75,228.807,2.1727272727272700,90.51121363636360,3.839477272727270,83.3410176485288,108672.62816666700,3080.529083333340,47.62677918507740,1720.229959365320,3.9769886092715300,3.863395190965910,7.450213258176230,1.3805249020704700,4.422940836725240,-0.1477551715505890,-0.07591965131950660,-0.0037496965377539,-0.0015798623471932,0.2052272727272720,0.5507136363636390,2496.747000000000,92524.58200000000,0,0,0.0,0.0,0.0
2012-04-01,44.1,1662.5,229.187,2.052857142857140,90.81560952380950,3.719175,83.1687291294097,111753.15725000000,3080.529083333340,45.603708652759500,1719.1874293699000,3.845990320377030,3.8199890433176000,7.449607033394810,1.347031130360780,4.420871425367190,-0.0434061476483096,-0.0006062247814160320,-0.0334937717096903,-0.0020694113580486,-0.1198701298701290,0.3043958874458920,2496.747000000000,95021.32900000000,0,0,0.0,0.0,0.0
2012-05-01,39.77,1567.5,228.713,1.8031818181818200,92.49278636363640,3.570340909090910,83.5137023638331,114833.68633333300,3080.5290833333300,41.21129799136910,1624.3075082089800,3.699733043382480,3.718712441854690,7.392836855142160,1.3082606666100400,4.425010718559520,-0.101276601462918,-0.05677017825265110,-0.0387704637507337,0.0041392931923276,-0.2496753246753250,1.677176839826840,2496.7469999999900,97518.07599999990,0,0,0.0,0.0,0.0
2012-06-01,38.38,1569.5,228.524,1.6223809523809500,93.88086666666670,3.347595238095240,83.3478397938066,117914.21541666700,3080.5290833333300,39.803815638620000,1627.7250819388800,3.471783837672360,3.6839627780122100,7.394938663714670,1.2446685361250300,4.423022691570080,-0.0347496638424718,0.002101808572506410,-0.0635921304850137,-0.0019880269894345,-0.1808008658008660,1.3880803030302900,2496.747000000000,100014.82300000000,0,0,0.0,0.0,0.0
2012-07-01,40.03,1622.75,228.59,1.5266666666666700,93.40616666666670,3.439023809523810,83.5303196137344,120994.74450000000,3080.529083333340,41.50304060763810,1682.4646301784900,3.565574439602820,3.72576669220664,7.428015039115740,1.271325174014130,4.425209675095160,0.0418039141944275,0.03307637540106880,0.0266566378891044,0.0021869835250756,-0.0957142857142856,-0.4746999999999840,2496.747000000000,102511.57000000000,0,0,0.0,0.0,0.0
2012-08-01,43.09,1657.75,229.918,1.6782608695652200,92.5282652173913,3.418021739130440,83.466634729524,124075.2735833330,3080.529083333340,44.41759848076270,1708.8251074839700,3.523330638366530,3.793635753086780,7.443561341708010,1.2594067463225000,4.424446967924260,0.0678690608801408,0.015546302592276200,-0.0119184276916282,-0.0007627071708951,0.1515942028985510,-0.8779014492753850,3080.5290833333300,105592.09908333300,0,0,0.0,0.0,0.0
2012-09-01,48.7,1781.0,231.015,1.7231578947368400,90.9802,3.718657894736840,83.1596006804833,127155.80266666700,3080.5290833333300,49.96205971473720,1827.1545862822800,3.815026854117470,3.911263911684120,7.510515164885240,1.3389477037987900,4.420761661156290,0.1176281585973400,0.06695382317722580,0.0795409574762895,-0.0036853067679691,0.0448970251716247,-1.548065217391280,3080.529083333340,108672.62816666700,0,0,0.0,0.0,0.0
2012-10-01,45.39,1718.0,231.638,1.7461904761904800,90.75663,3.682695652173910,83.4270201919168,130236.33175000000,3080.5290833333300,46.44103917535120,1757.781566496000,3.767971206290020,3.838183533309550,7.471807819385380,1.3265367150421400,4.423972240010010,-0.0730803783745699,-0.038707345499860300,-0.0124109887566499,0.0032105788537197,0.023032581453634,-0.2235700000000090,3080.529083333340,111753.15725000000,0,0,0.0,0.0,0.0
2012-11-01,48.43,1728.25,231.249,1.654,91.47508,3.5035952380952400,83.5825092383819,133316.86083333300,3080.5290833333300,49.63478653961750,1771.2434407824500,3.5907537015089300,3.904691929430390,7.479437087840630,1.278362125174890,4.4258342785645900,0.0665083961208412,0.00762926845525147,-0.0481745898672554,0.0018620385545817,-0.0921904761904763,0.7184500000000040,3080.5290833333300,114833.68633333300,0,0,0.0,0.0,0.0
2012-12-01,42.43,1664.0,231.221,1.719,90.88039,3.623625,83.8673368052491,136397.38991666700,3080.5290833333600,43.49079128842100,1705.6016192300900,3.7142191511313800,3.7725492211651300,7.441673183332050,1.312168467956350,4.4292362266498900,-0.1321427082652580,-0.0377639045085747,0.033806342781457,0.0034019480852949,0.0650000000000001,-0.5946900000000000,3080.5290833333300,117914.21541666700,0,0,0.0,0.0,0.0
2013-01-01,45.24,1674.5,231.679,1.9147619047619000,90.82551428571430,3.667380952380950,83.9686701378297,139477.91900000000,3080.5290833333300,46.27937434985480,1712.9710952438500,3.7516378421477700,3.8346963834323400,7.4459846244186800,1.3221925025374200,4.43044375472136,0.0621471622672062,0.004311441086626290,0.0100240345810729,0.0012075280714709,0.1957619047619050,-0.0548757142857141,3080.529083333340,120994.74450000000,0,0,0.0,0.0,0.0
2013-02-01,40.56,1591.0,232.937,1.9842105263157900,91.55087368421050,3.666447368421050,84.0301388082242,142776.43975000000,3298.520750000000,41.26777188681920,1618.7629455603900,3.730426864768950,3.720081853618390,7.389417522673250,1.3165226680646800,4.431175529827660,-0.1146145298139470,-0.05656710174542830,-0.0056698344727392,0.0007317751063009,0.0694486215538847,0.7253593984962380,3080.529083333340,124075.2735833330,0,0,0.0,0.0,0.0
2013-03-01,40.02,1602.5,232.282,1.9575,92.41318,3.466475,84.6038249951897,146074.96050000000,3298.520750000000,40.83316845472310,1635.0612805770600,3.5369104852345400,3.709494703465010,7.399435563104240,1.263253601798630,4.437979478299210,-0.010587150153388,0.010018040430990600,-0.0532690662660464,0.0068039484715507,-0.0267105263157896,0.8623063157894680,3080.5290833333300,127155.80266666700,0,0,0.0,0.0,0.0
2013-04-01,34.16,1472.75,231.797,1.7590909090909100,92.04782272727270,3.277181818181820,84.8403092418486,149373.48125000000,3298.520750000000,34.927025716467400,1505.8190024568900,3.350767378254560,3.5532609053641300,7.317092216845560,1.2091893877405700,4.440770774690410,-0.1562337981008780,-0.08234334625868730,-0.0540642140580673,0.0027912963911997,-0.1984090909090910,-0.3653572727272800,3080.5290833333300,130236.33175000000,0,0,0.0,0.0,0.0
2013-05-01,31.51,1410.25,231.893,1.9281818181818200,92.5289681818182,3.299022727272730,85.0511220940298,152672.00200000000,3298.520750000000,32.2041853031355,1441.3187027529900,3.371702292235680,3.4720964224621500,7.273313739313060,1.215417748055640,4.443252512100280,-0.0811644829019742,-0.043778477532500300,0.0062283603150783,0.0024817374098686,0.1690909090909090,0.4811454545454690,3080.5290833333300,133316.86083333300,0,0,0.0,0.0,0.0
2013-06-01,26.27,1203.25,232.445,2.3,93.283615,3.17945,84.9267931117497,155970.52275000000,3298.520750000000,26.784985577233300,1226.8379861365100,3.241778545623700,3.287841490868460,7.1121953953542300,1.1761221130296500,4.441789627886150,-0.1842549315936890,-0.16111834395882100,-0.0392956350259954,-0.0014628842141268,0.3718181818181820,0.7546468181818110,3080.5290833333600,136397.38991666700,0,0,0.0,0.0,0.0
2013-07-01,27.76,1331.5,232.9,2.5822727272727300,93.87238636363640,3.1407954545454500,85.3166104358838,159269.0435000000,3298.520749999970,28.24889901245170,1354.9498931945000,3.196110000512320,3.341054483822420,7.211519753437810,1.1619344454945600,4.446369165152050,0.0532129929539593,0.09932435808357190,-0.0141876675350853,0.0045795372658981,0.2822727272727280,0.5887713636363690,3080.5290833333300,139477.91900000000,0,0,0.0,0.0,0.0
2013-08-01,32.88,1392.75,233.456,2.737272727272730,93.71488636363640,3.2818181818181800,85.7769452864949,162567.56425000000,3298.520750000030,33.37938429511340,1413.903207938540,3.3316627213381900,3.5079384727404300,7.254109391453370,1.2034714950929100,4.451750267432210,0.1668839889180040,0.04258963801556700,0.0415370495983495,0.005381102280153,0.1550000000000000,-0.1574999999999990,3298.520750000000,142776.43975000000,0,0,0.0,0.0,0.0
2013-09-01,30.12,1335.75,233.544,2.8095,93.470565,3.2732750000000000,86.0566622285683,165866.0850000000,3298.520749999970,30.56594350529240,1355.5265284593100,3.321737673548670,3.41988643181801,7.211945239724200,1.2004880416518600,4.455005942421380,-0.0880520409224172,-0.042164151729175500,-0.0029834534410535,0.0032556749891732,0.0722272727272725,-0.2443213636363740,3298.520750000000,146074.96050000000,0,0,0.0,0.0,0.0
2013-10-01,30.92,1333.75,233.669,2.6159090909090900,92.49926818181820,3.282326086956520,86.1778036783515,169164.6057500000,3298.520750000000,31.36100257201430,1352.772871294440,3.329140907349060,3.445565164742050,7.20991174363879,1.2027142849272300,4.4564126465804100,0.0256787329240375,-0.0020334960854082600,0.0022262432753743,0.0014067041590273,-0.1935909090909090,-0.9712968181818130,3298.520750000000,149373.48125000000,0,0,0.0,0.0,0.0
2013-11-01,27.81,1245.25,234.1,2.718421052631580,93.37366842105260,3.21635,86.6490834786505,172463.1265000000,3298.520750000000,28.154714513028600,1260.6853019542900,3.256217764256730,3.337714818823120,7.139410742530640,1.1805663268180900,4.4618664388252400,-0.1078503459189250,-0.0705010011081475,-0.0221479581091399,0.0054537922448369,0.1025119617224880,0.874400239234447,3298.520750000000,152672.00200000000,0,0,0.0,0.0,0.0
2013-12-01,27.21,1201.5,234.719,2.901904761904760,93.53402,3.341690476190480,86.8396223510583,175761.6472500000,3298.520750000000,27.474629738112400,1213.185138932090,3.3741899497504500,3.3132630238790400,7.101004526260410,1.2161552806275500,4.464062996210430,-0.0244517949440847,-0.03840621627023480,0.0355889538094611,0.0021965573851838,0.1834837092731830,0.1603515789473700,3298.520750000000,155970.52275000000,0,0,0.0,0.0,0.0
2014-01-01,26.85,1246.5,235.288,2.858095238095240,94.46474761904760,3.355142857142860,87.0319269255272,179060.1680000000,3298.520750000000,27.045565381574900,1255.5790408988100,3.3795804658242500,3.2975230503211800,7.135352132329920,1.217751579253890,4.466275027490790,-0.0157399735578556,0.034347606069514000,0.0015962986263302,0.0022120312803624,-0.0438095238095241,0.93072761904763,3298.520749999970,159269.0435000000,0,0,0.0,0.0,0.0
2014-02-01,29.47,1327.75,235.547,2.709473684210530,94.64558235294120,3.2854473684210500,87.4401941836342,183074.85466666700,4014.686666666680,29.65200818732570,1335.9502501093200,3.305738454952450,3.3895298529082100,7.197398115461120,1.1956598840347100,4.470955064630160,0.0920068025870279,0.06204598313119460,-0.0220916952191798,0.004680037139372,-0.1486215538847120,0.1808347338935480,3298.520750000030,162567.56425000000,0,0,0.0,0.0,0.0
2014-03-01,27.49,1294.0,236.028,2.723333333333330,94.44082105263160,3.072380952380950,87.6162204689232,187089.5413333330,4014.686666666650,27.603411915111800,1299.338487382850,3.085056274598580,3.317939385195510,7.169610558079210,1.126569898551940,4.472966145971750,-0.0715904677126975,-0.0277875573819113,-0.0690899854827613,0.0020110813415872,0.0138596491228071,-0.2047613003095990,3298.520749999970,165866.0850000000,0,0,0.0,0.0,0.0
2014-04-01,26.45,1292.0,236.468,2.705238095238100,93.99555,3.0693333333333300,87.8684896525312,191104.2280000000,4014.686666666680,26.50970231701540,1294.9162719691500,3.076261360240430,3.277510791155100,7.166201317193340,1.1237150156022700,4.47584126092861,-0.0404285940404092,-0.0034092408858619200,-0.0028548829496761,0.0028751149568622,-0.0180952380952379,-0.4452710526315830,3298.520750000000,169164.6057500000,0,0,0.0,0.0,0.0
2014-05-01,25.98,1254.0,236.918,2.559047619047620,93.67002857142860,3.13202380952381,87.9666927784048,195118.91466666700,4014.686666666680,25.989183873745300,1254.4432862847100,3.1331309731586900,3.2576804466115100,7.1344471565619200,1.1420328154878100,4.47695825167786,-0.0198303445435956,-0.031754160631422200,0.018317799885545,0.0011169907492494,-0.1461904761904760,-0.3255214285714200,3298.520750000000,172463.1265000000,0,0,0.0,0.0,0.0
2014-06-01,28.48,1313.0,237.231,2.5985714285714300,93.82740476190480,3.097857142857140,87.9970859442145,199133.6013333330,4014.686666666650,28.45247813312760,1311.7311723594300,3.0948635047997200,3.3482352616340300,7.1791030493930500,1.1297438033222700,4.477303699659630,0.090554815022525,0.044655892831134000,-0.0122890121655379,0.0003454479817674,0.0395238095238097,0.1573761904761990,3298.520750000000,175761.6472500000,0,0,0.0,0.0,0.0
2014-07-01,28.25,1295.0,237.498,2.5422727272727300,93.6038590909091,3.2268181818181800,88.3527602551589,203148.28800000000,4014.686666666680,28.19097187134210,1292.2941087925000,3.220075773365360,3.3390017802799600,7.1641742968211500,1.1694048913804900,4.481337440554520,-0.0092334813540757,-0.014928752571909100,0.0396610880582113,0.0040337408948891,-0.0562987012987012,-0.2235456709956760,3298.520750000000,179060.1680000000,0,0,0.0,0.0,0.0
2014-08-01,26.62,1285.75,237.46,2.42,94.58080952380950,3.157642857142860,87.9332917914877,207162.97466666700,4014.686666666680,26.568628758527800,1283.2687613177000,3.151549242052800,3.279731149803430,7.157165821491490,1.147894154806220,4.476578479190670,-0.0592706304765235,-0.007008475329651100,-0.0215107365742692,-0.0047589613638479,-0.1222727272727280,0.9769504329004240,4014.686666666680,183074.85466666700,0,0,0.0,0.0,0.0
2014-09-01,23.38,1210.0,237.477,2.5342857142857100,96.12086666666670,3.091952380952380,88.7841546715786,211177.6613333330,4014.686666666650,23.3332108583147,1207.5784918118400,3.0857646222681800,3.1498777044381000,7.096372386984970,1.1267994782738500,4.486208195692980,-0.1298534453653310,-0.06079343450652620,-0.0210946765323667,0.0096297165023093,0.1142857142857140,1.540057142857150,4014.686666666650,187089.5413333330,0,0,0.0,0.0,0.0
2014-10-01,22.19,1173.25,237.43,2.304090909090910,97.43960454545450,3.036152173913040,88.813709536758,215192.34800000000,4014.686666666680,22.14997612980670,1171.1338212841700,3.030675898090790,3.0978364188294700,7.06572763655949,1.1087856633219900,4.486541024756930,-0.0520412856086371,-0.030644750425477900,-0.0180138149518627,0.0003328290639528,-0.230194805194805,1.3187378787878700,4014.686666666680,191104.2280000000,0,0,0.0,0.0,0.0
2014-11-01,22.0,1184.5,236.983,2.325555555555560,99.11468888888890,3.0176052631578900,89.0531785314403,219207.03466666700,4014.686666666680,22.00174063118450,1184.5937171653700,3.01784401487715,3.0911215698278200,7.077155140068350,1.1045426740785800,4.489233702882380,-0.0067148490016446,0.011427503508855400,-0.0042429892434041,0.0026926781254523,0.0214646464646461,1.6750843434343500,4014.686666666680,195118.91466666700,0,0,0.0,0.0,0.0
2014-12-01,22.12,1199.25,236.252,2.2072727272727300,101.44413333333300,2.898090909090910,89.5378073716431,223221.72133333300,4014.686666666680,22.190198220544200,1203.0558415907600,2.907288053068910,3.099650669781760,7.092620133509800,1.0672207061306900,4.494660964816350,0.0085290999539422,0.015464993441457700,-0.0373219679478911,0.0054272619339705,-0.1182828282828280,2.3294444444444300,4014.686666666650,199133.6013333330,0,0,0.0,0.0,0.0
2015-01-01,23.55,1263.5,234.747,1.8815,103.76074,2.653225,89.2144264748659,227236.40800000000,4014.686666666650,23.776198258124700,1275.6359447618100,2.6787092833721000,3.168685007082540,7.1512001134483700,0.9853350678290380,4.491042758289800,0.06903433730078,0.05857997993856310,-0.0818856383016539,-0.0036182065265562,-0.3257727272727270,2.3166066666666900,4014.686666666680,203148.28800000000,0,0,0.0,0.0,0.0
2015-02-01,22.91,1205.0,235.342,1.9752631578947400,105.16853888888900,2.6236315789473700,89.298799105985,233230.65166666700,5994.243666666680,23.07157282805450,1213.4982652905100,2.6421347467336500,3.138601246197020,7.101262595656370,0.9715872065912770,4.49198803993072,-0.0300837608855206,-0.04993751779199230,-0.0137478612377616,0.0009452816409227,0.0937631578947366,1.4077988888888800,4014.686666666680,207162.97466666700,0,0,0.0,0.0,0.0
2015-03-01,22.87,1179.25,235.976,2.0427272727272700,107.36473809523800,2.707931818181820,89.2837700816827,239224.89533333300,5994.243666666680,22.969412238956500,1184.3760114905800,2.719702765492140,3.134163428169730,7.076971342299410,1.0005225969441000,4.491819725358850,-0.0044378180272959,-0.02429125335696550,0.0289353903528236,-0.0001683145718667,0.0674641148325356,2.1961992063492200,4014.686666666650,211177.6613333330,0,0,0.0,0.0,0.0
2015-04-01,22.71,1204.3,236.222,1.935,106.35228181818200,2.752761904761910,89.4027167219624,245219.1390000000,5994.243666666680,22.784963900483400,1208.2752983422400,2.761848552471420,3.1261008403601200,7.09694924850909,1.015900220924520,4.493151070106590,-0.0080625878096047,0.01997790620968140,0.0153776239804166,0.0013313447477383,-0.1077272727272720,-1.0124562770562900,4014.686666666680,215192.34800000000,0,0,0.0,0.0,0.0
2015-05-01,22.84,1189.8,237.001,2.1975,105.40651500000000,2.88815,89.3522774661071,251213.3826666670,5994.243666666710,22.84007227817600,1189.8037651739900,2.888159139676630,3.128516549326410,7.081543669292410,1.060619323278570,4.492586730548720,0.0024157089662892,-0.015405579216682100,0.0447191023540509,-0.000564339557874,0.2625000000000000,-0.9457668181818380,4014.686666666680,219207.03466666700,0,0,0.0,0.0,0.0
2015-06-01,21.23,1171.8,237.657,2.363636363636360,106.17898636363600,2.6571136363636400,89.6812607038782,257207.6263333330,5994.243666666680,21.17146624126370,1168.5692012017300,2.6497876425564800,3.052654343082050,7.063535374477580,0.9744795019028120,4.496261836469270,-0.0758622062443601,-0.018008294814833000,-0.0861398213757554,0.003675105920549,0.1661363636363640,0.7724713636363700,4014.686666666680,223221.72133333300,0,0,0.0,0.0,0.0
2015-07-01,20.1,1095.1,238.034,2.3245454545454500,108.1235681818180,2.477636363636360,89.9125113336047,263201.87,5994.243666666710,20.012835036171300,1090.3510272692100,2.466891931595720,2.996373819527920,6.994254966744610,0.9029590309921510,4.498837101244960,-0.0562805235541286,-0.06928040773296920,-0.0715204709106612,0.0025752647756913,-0.039090909090909,1.944581818181830,4014.686666666650,227236.40800000000,0,0,0.0,0.0,0.0
2015-08-01,19.91,1132.5,238.033,2.1671428571428600,109.9767476190480,2.3244761904761900,89.8684239696477,269196.1136666670,5994.243666666680,19.823742264728000,1127.593576835990,2.31440567054228,2.9868803236283400,7.027841062909420,0.8391529247901120,4.498346644737250,-0.0094934958995827,0.033586096164818,-0.0638061062020389,-0.0004904565077099,-0.1574025974025970,1.8531794372294300,5994.243666666680,233230.65166666700,0,0,0.0,0.0,0.0
2015-09-01,19.85,1115.2,237.498,2.172857142857140,110.85125714285700,2.3634285714285700,90.2359859803329,275190.35733333300,5994.243666666680,19.808523598093500,1112.869799324630,2.3584902080378400,2.986112329820710,7.014697362693770,0.8580216719582130,4.502428305159490,-0.0007679938076332,-0.013143700215656500,0.0188687471681009,0.0040816604222442,0.0057142857142857,0.874509523809536,5994.243666666680,239224.89533333300,0,0,0.0,0.0,0.0
2015-10-01,21.29,1141.4,237.733,2.07,109.90357142857100,2.3662045454545500,90.203371373388,281184.601,5994.243666666680,21.224513456272400,1137.889133818190,2.3589262665708200,3.0551568087908500,7.0369301879880700,0.8582065437144260,4.502066803015190,0.0690444789701425,0.02223282529430200,0.0001848717562126,-0.0003615021443037,-0.1028571428571430,-0.9476857142857260,5994.243666666680,245219.1390000000,0,0,0.0,0.0,0.0
2015-11-01,19.31,1065.3,238.017,2.263157894736840,111.6916105263160,2.1595500000000000,90.1229429163077,287178.8446666670,5994.243666666680,19.22763412907480,1060.7560143813300,2.1503385439380400,2.9563485218225300,6.966737153999260,0.7656252920404470,4.501174770560240,-0.0988082869683162,-0.07019303398880710,-0.0925812516739783,-0.0008920324549457,0.1931578947368420,1.788039097744370,5994.243666666710,251213.3826666670,0,0,0.0,0.0,0.0
2015-12-01,18.98,1060.2,237.761,2.2427272727272700,112.7857409090910,2.090659090909090,89.9762696744775,293173.0883333330,5994.243666666680,18.91939054344490,1056.8144285648200,2.0839829206592500,2.940187350813410,6.963014406185330,0.7342809283965240,4.4995459652795600,-0.0161611710091245,-0.003722747813929670,-0.031344363643923,-0.0016288052806814,-0.0204306220095693,1.0941303827751100,5994.243666666680,257207.6263333330,0,0,0.0,0.0,0.0
2016-01-01,19.55,1116.4,237.652,2.0852631578947400,115.2343875,2.014105263157900,90.6229063619062,299167.33200000000,5994.243666666680,19.496508392523500,1113.345369279450,2.0085943819224400,2.9702353927434500,7.015124607974250,0.6974351649615600,4.50670701069453,0.0300480419300455,0.052110201788914300,-0.0368457634349647,0.0071610454149686,-0.1574641148325360,2.4486465909090900,5994.243666666710,263201.87,1,0,0.0071610454149686,5994.243666666680,5994.243666666710
2016-02-01,20.47,1234.4,237.336,1.7795,114.281735,2.0793500000000000,90.4803631569298,307096.01525000000,7928.683250000000,20.441171261418400,1232.6615439714200,2.07642156631316,3.017551066111510,7.116930967487270,0.730646011313242,4.505132845470560,0.0473156733680588,0.1018063595130190,0.0332108463516823,-0.0015741652239658,-0.3057631578947370,-0.9526524999999990,5994.243666666680,269196.1136666670,1,0,-0.0015741652239658,7928.683250000000,5994.243666666680
2016-03-01,21.12,1235.6,238.08,1.8890909090909100,111.89339130434800,2.235,90.3790204145109,315024.69850000000,7928.683250000000,21.024348790322600,1230.0040419186800,2.224877819430440,3.0456812322674500,7.1147727344738100,0.7997020014949200,4.504012165403830,0.0281301661559352,-0.002158233013451750,0.0690559901816775,-0.0011206800667373,0.109590909090909,-2.388343695652180,5994.243666666680,275190.35733333300,1,0,-0.0011206800667373,7928.683250000000,5994.243666666680
2016-04-01,24.22,1290.5,238.992,1.805238095238100,110.0170761904760,2.1862857142857100,90.7433959382336,322953.38175000000,7928.683250000000,24.018303478777500,1279.753123012490,2.16807901639266,3.178816184631120,7.1544224656648500,0.7738415295888170,4.508035698466460,0.1331349523636760,0.03964973119103200,-0.0258604719061028,0.0040235330626368,-0.083852813852814,-1.8763151138716300,5994.243666666680,281184.601,1,0,0.0040235330626368,7928.683250000000,5994.243666666680
2016-05-01,21.65,1217.5,239.557,1.806190476190480,111.14051428571400,2.110704545454550,90.5574461526607,330882.06500000000,7928.683250000000,21.419068895920400,1204.5134586966800,2.08819058097105,3.0642815951635200,7.093830995671770,0.736297940266559,4.505984413446150,-0.1145345894676020,-0.06059146999307790,-0.0375435893222576,-0.0020512850203147,0.000952380952381,1.1234380952381000,5994.243666666680,287178.8446666670,1,0,-0.0020512850203147,7928.683250000000,5994.243666666680
2016-06-01,25.13,1320.6,240.222,1.6440909090909100,111.55962727272700,2.0979318181818200,91.0213667409727,338810.74825000000,7928.683250000000,24.793124599329000,1302.8969496965300,2.069808395108580,3.210566380836490,7.17234548704146,0.7274560402436030,4.511094278307140,0.1462847856729670,0.07851449136969090,-0.0088419000229564,0.0051098648609952,-0.1620995670995670,0.4191129870129800,5994.243666666680,293173.0883333330,1,0,0.0051098648609952,7928.683250000000,5994.243666666680
2016-07-01,27.5,1357.5,240.101,1.504,112.47729,2.2095238095238100,91.0636914041121,346739.43150000000,7928.683250000000,27.14502698864230,1339.9772413484300,2.181003034238970,3.301193861596830,7.200407908732390,0.7797848784330890,4.511559167236890,0.0906274807603377,0.028062421690933100,0.0523288381894859,0.000464888929744,-0.1400909090909090,0.9176627272727270,5994.243666666680,299167.33200000000,1,0,0.000464888929744,7928.683250000000,5994.243666666680
2016-08-01,25.26,1311.4,240.545,1.556521739130440,111.4383695652170,2.1482391304347800,91.3323879113258,354668.11475000000,7928.683250000000,24.887917873994500,1292.0829572429300,2.1165953702281100,3.2143824597664600,7.1640108906736400,0.7498088403123970,4.514505466330540,-0.0868114018303658,-0.03639701805875720,-0.0299760381206911,0.0029462990936472,0.0525217391304349,-1.0389204347826100,7928.683250000000,307096.01525000000,1,0,0.0029462990936472,7928.683250000000,7928.683250000000
2016-09-01,25.89,1317.1,241.176,1.6304761904761900,112.31686190476200,2.141840909090910,91.4339704469853,362596.798,7928.683249999940,25.44189847870440,1294.3037654036900,2.104770141623280,3.2363973614227900,7.1657281966643500,0.7442062647934970,4.51561707731882,0.0220149016563322,0.0017173059907129600,-0.0056025755189,0.0011116109882838,0.0739544513457557,0.8784923395445220,7928.683250000000,315024.69850000000,1,0,0.0011116109882838,7928.683249999940,7928.683250000000
2016-10-01,23.94,1273.1,241.741,1.7645,113.474695,2.1463809523809500,91.82359198954,370525.48125,7928.683250000000,23.47066445079650,1248.1413079494200,2.10430188458289,3.1557513201054200,7.129410770043190,0.7439837658486430,4.519869257959420,-0.0806460413173741,-0.03631742662115660,-0.000222498944854,0.0042521806405995,0.1340238095238090,1.1578330952380900,7928.683250000000,322953.38175000000,1,0,0.0042521806405995,7928.683250000000,7928.683250000000
2016-11-01,22.21,1173.9,242.026,2.1420000000000000,116.107515,2.483795454545460,92.4867957773666,378454.1645,7928.683250000000,21.74893964904600,1149.530853400050,2.432234013574240,3.0795650045782900,7.047109184556430,0.8888101821615900,4.52706588597607,-0.076186315527134,-0.08230158548676590,0.1448264163129470,0.0071966280166506,0.3775000000000000,2.632820000000010,7928.683250000000,330882.06500000000,1,0,0.0071966280166506,7928.683250000000,7928.683250000000
2016-12-01,21.54,1151.7,242.637,2.491904761904760,117.90482857142900,2.5732142857142900,92.5923137873786,386382.84775,7928.683250000000,21.039732996204200,1124.9517405630600,2.513451323744050,3.04641269749451,7.025495416441130,0.9216568380365950,4.528206133751120,-0.0331523070837755,-0.021613768115297000,0.0328466558750046,0.0011402477750488,0.3499047619047620,1.7973135714285700,7928.683250000000,338810.74825000000,1,0,0.0011402477750488,7928.683250000000,7928.683250000000
2017-01-01,23.5,1211.4,243.618,2.4325,117.7857789473680,2.628547619047620,92.4373797019328,394311.531,7928.683250000000,22.861780020359700,1178.50043900697,2.5571607421151900,3.1294665214927200,7.071998094889460,0.9388975578901970,4.526531439071200,0.0830538239982119,0.04650267844832620,0.0172407198536026,-0.0016746946799157,-0.0594047619047617,-0.1190496240601680,7928.683250000000,346739.43150000000,1,0,-0.0016746946799157,7928.683250000000,7928.683250000000
2017-02-01,24.66,1253.9,244.006,2.4189473684210500,116.1203894736840,2.70875,92.7099095517862,402309.62575,7998.094749999990,23.95212886158540,1217.9065036310600,2.630994689935900,3.17605720765551,7.104888683115800,0.9673619837877430,4.529475366014770,0.046590686162788,0.032890588226348600,0.0284644258975459,0.0029439269435682,-0.0135526315789475,-1.6653894736842000,7928.683250000000,354668.11475000000,1,0,0.0029439269435682,7998.094749999990,7928.683250000000
2017-03-01,24.36,1251.2,243.892,2.4817391304347800,115.65584782608700,2.650260869565220,93.0940519723124,410307.72050000000,7998.094750000050,23.671799936037300,1215.8520558279900,2.57538772917307,3.164284463559880,7.103200390509230,0.9460000972166510,4.533610293652500,-0.0117727440956278,-0.0016882926065715500,-0.0213618865710926,0.0041349276377324,0.0627917620137301,-0.4645416475972580,7928.683249999940,362596.798,1,0,0.0041349276377324,7998.094750000050,7928.683249999940
2017-04-01,22.96,1268.3,244.193,2.2973684210526300,114.769795,2.595157894736840,93.4330657235664,418305.81525,7998.094749999990,22.28384998750990,1230.9497795800900,2.51873297997464,3.1038622002883900,7.115541328910410,0.9237559893598580,4.537245305319790,-0.0604222632714912,0.012340938401176300,-0.022244107856793,0.0036350116672876,-0.1843707093821510,-0.8860528260869530,7928.683250000000,370525.48125,1,0,0.0036350116672876,7998.094749999990,7928.683250000000
2017-05-01,23.13,1275.4,244.004,2.303636363636360,114.2591318181820,2.5564782608695700,93.8307850711024,426303.91,7998.094749999990,22.4662320187374,1238.79949488533,2.4831143000239500,3.112013382716010,7.121898040353830,0.909513538500754,4.541493001218920,0.0081511824276181,0.006356711443423540,-0.0142424508591034,0.0042476958991244,0.0062679425837322,-0.5106631818181880,7928.683250000000,378454.1645,1,0,0.0042476958991244,7998.094749999990,7928.683250000000
2017-06-01,22.08,1242.3,244.163,2.186818181818180,112.76027272727300,2.611,94.1123666822132,434302.0047500000,7998.094750000050,21.432398193010400,1205.8635994192400,2.534419913131800,3.0649037114375,7.094951269248240,0.9299647797455970,4.544489458596280,-0.0471096712785086,-0.02694677110559510,0.0204512412448434,0.0029964573773675,-0.1168181818181820,-1.4988590909090800,7928.683250000000,386382.84775,1,0,0.0029964573773675,7998.094750000050,7928.683250000000
2017-07-01,22.3,1273.4,244.243,2.318,111.060555,2.733452380952380,94.2432140617246,442300.09950000000,7998.094749999990,21.638855668330300,1235.6465833207100,2.652411728595620,3.0744905721886700,7.119349661305530,0.9754693123832180,4.545878824390950,0.009586860751173,0.024398392057287700,0.0455045326376208,0.0013893657946626,0.131181818181818,-1.6997177272727400,7928.683250000000,394311.531,1,0,0.0013893657946626,7998.094749999990,7928.683250000000
2017-08-01,23.28,1322.2,245.183,2.2091304347826100,109.90586086956500,2.969869565217390,94.7167763268151,450298.19425000000,7998.094749999990,22.503194511854400,1278.080918538400,2.8707711555379500,3.113657277437050,7.15311494947329,1.0545806889888,4.550891136844700,0.0391667052483759,0.03376528816776500,0.0791113766055815,0.0050123124537559,-0.1088695652173910,-1.1546941304347800,7998.094749999990,402309.62575,1,0,0.0050123124537559,7998.094749999990,7998.094749999990
2017-09-01,21.98,1284.8,246.435,2.202,108.854245,3.011214285714290,94.7520449288165,458296.2890000000,7998.094750000050,21.138630734270700,1235.6193251770200,2.8959484461999500,3.05110220702318,7.119327601240200,1.0633126726384800,4.551263426091820,-0.0625550704138691,-0.03378734823308790,0.0087319836496824,0.0003722892471174,-0.0071304347826086,-1.0516158695652300,7998.094750000050,410307.72050000000,1,0,0.0003722892471174,7998.094750000050,7998.094750000050
2017-10-01,22.01,1270.5,246.626,2.3600000000000000,110.8891761904760,3.1092045454545500,94.8931428646515,466294.3837500000,7998.094749999990,21.15108916943060,1220.9204357002100,2.987871993953120,3.0516914015389500,7.107360308760800,1.0945614263104500,4.55275144657377,0.0005891945157694,-0.011967292479403600,0.0312487536719641,0.0014880204819505,0.1580000000000000,2.0349311904762000,7998.094749999990,418305.81525,1,0,0.0014880204819505,7998.094749999990,7998.094749999990
2017-11-01,21.63,1282.15,247.284,2.353333333333330,111.163525,3.10275,95.7671683272372,474292.4785000000,7998.094749999990,20.73060874338820,1228.8372630760600,2.9737353804229100,3.0316112913512300,7.113823686702550,1.0898188664137500,4.56191991566649,-0.0200801101877221,0.006463377941750890,-0.0047425598966928,0.00916846909272,-0.0066666666666668,0.2743488095238150,7998.094749999990,426303.91,1,0,0.00916846909272,7998.094749999990,7998.094749999990
2017-12-01,22.6,1296.5,247.805,2.4025,110.87581,3.10624,96.1140869602568,482290.5732500000,7998.094750000050,21.614735578378200,1239.978083069350,2.970821072698290,3.0733752847983300,7.122848983498810,1.088838370061810,4.565535891708600,0.0417639934470992,0.009025296796256300,-0.0009804963519426,0.0036159760421066,0.0491666666666663,-0.2877150000000060,7998.094750000050,434302.0047500000,1,0,0.0036159760421066,7998.094750000050,7998.094750000050
2018-01-01,22.62,1343.35,248.859,2.583809523809520,108.35677619047600,3.216181818181820,96.1203922908041,490288.6680000000,7998.094749999990,21.54223711017080,1279.3441300595900,3.062942144858220,3.070015524746230,7.154102827201800,1.1193759392812000,4.565601492120910,-0.0033597600520938,0.031253843702996800,0.0305375692193925,6.5600412310296E-05,0.1813095238095240,-2.519033809523820,7998.094749999990,442300.09950000000,1,0,6.5600412310296E-05,7998.094749999990,7998.094749999990
2018-02-01,21.41,1320.3,249.529,2.8589473684210500,107.6500947368420,3.179865,96.3174191400062,498819.0803333340,8530.412333333340,20.335141276164300,1254.0162086370700,3.020224381790290,3.012350486773670,7.134106646657240,1.1053311272328300,4.567649186558740,-0.0576650379725602,-0.019996180544565900,-0.0140448120483727,0.0020476944378282,0.2751378446115290,-0.7066814536340760,7998.094749999990,450298.19425000000,1,0,0.0020476944378282,8530.412333333340,7998.094749999990
2018-03-01,21.2,1323.9,249.577,2.842380952380950,107.947175,3.0824047619047600,96.3457929636133,507349.4926666670,8530.412333333280,20.131811424931000,1257.1936389370800,2.92709393405547,3.002301221938540,7.136637245204190,1.0740100994583700,4.567943729803420,-0.0100492648351306,0.002530598546949930,-0.0313210277744573,0.0002945432446859,-0.0165664160401002,0.2970802631578810,7998.094750000050,458296.2890000000,1,0,0.0002945432446859,8530.412333333280,7998.094750000050
2018-04-01,21.27,1316.25,250.227,2.869047619047620,107.94335714285700,3.093714285714290,96.7966525527693,515879.9050000000,8530.412333333340,20.145816488628300,1246.68222628853,2.930202175281990,3.0029966484066500,7.128241082642690,1.075071422451190,4.57261241261816,0.0006954264681038,-0.008396162561500550,0.0010613229928135,0.0046686828147386,0.0266666666666668,-0.0038178571428488,7998.094749999990,466294.3837500000,1,0,0.0046686828147386,8530.412333333340,7998.094749999990
2018-05-01,21.28,1303.5,250.792,2.977727272727270,111.04704090909100,3.0787272727272700,96.7877588150338,524410.3173333330,8530.412333333340,20.10988085744360,1231.8247038382400,2.90943790634905,3.001211279224180,7.11625184812429,1.0679599031955100,4.5725205277636,-0.0017853691824685,-0.01198923451839560,-0.0071115192556752,-9.18848545596873E-05,0.1086796536796540,3.103683766233770,7998.094749999990,474292.4785000000,1,0,-9.18848545596873E-05,8530.412333333340,7998.094749999990
2018-06-01,20.88,1250.55,251.018,2.9123809523809500,112.84441904761900,3.1210809523809500,96.7833054614383,532940.7296666670,8530.412333333280,19.714110302846800,1180.72225283645,2.94680719153986,2.981334638380620,7.073881608890920,1.0807222762809400,4.572474515167520,-0.0198766408435542,-0.042370239233372700,0.0127623730854296,-4.60125960755065E-05,-0.0653463203463204,1.7973781385281500,7998.094750000050,482290.5732500000,1,0,-4.60125960755065E-05,8530.412333333280,7998.094750000050
2018-07-01,20.08,1219.2,251.214,2.889047619047620,113.05953333333300,2.8017857142857100,96.9818070082385,541471.142,8530.412333333280,18.943988551593500,1150.2246435310100,2.6432767179007300,2.9414866543725200,7.0477125444813700,0.9720193285528300,4.574523404296340,-0.0398479840081025,-0.026169064409543800,-0.1087029477281120,0.0020488891288188,-0.0233333333333334,0.2151142857142790,7998.094749999990,490288.6680000000,1,0,0.0020488891288188,8530.412333333280,7998.094749999990
2018-08-01,18.75,1206.85,251.663,2.889130434782610,113.8316304347830,2.7019521739130400,97.4033063621057,550001.5543333330,8530.4123333334,17.657672413108000,1136.541970760500,2.5445432726848800,2.87117038655218,7.035745572448370,0.9339511732628760,4.578860156295180,-0.0703162678203406,-0.011966972033004500,-0.0380681552899536,0.0043367519988377,8.28157349896941E-05,0.7720971014492760,8530.412333333340,498819.0803333340,1,0,0.0043367519988377,8530.4123333334,8530.412333333340
2018-09-01,18.96,1183.5,252.182,3.004210526315790,114.07866315789500,2.7110263157894700,97.0469098149252,558531.9666666670,8530.412333333280,17.81869118335170,1112.2584923785200,2.547834425685250,2.8802479728443100,7.014147904971470,0.935243753528338,4.57519446794296,0.0090775862921308,-0.021597667476895800,0.0012925802654621,-0.0036656883522212,0.1150800915331800,0.2470327231121270,8530.412333333280,507349.4926666670,1,0,-0.0036656883522212,8530.412333333280,8530.412333333280
2018-10-01,18.37,1217.7,252.772,3.152272727272730,114.83125909090900,2.7676739130434800,97.7211332147385,567062.379,8530.412333333280,17.223909877280700,1141.728636775430,2.5950008735961700,2.8462985276564000,7.0402987409423300,0.95358685326372,4.582117842871000,-0.0339494451879072,0.026150835970857300,0.018343099735382,0.0069233749280357,0.1480622009569380,0.7525959330143480,8530.412333333340,515879.9050000000,1,0,0.0069233749280357,8530.412333333280,8530.412333333340
2018-11-01,18.23,1220.45,252.594,3.117,116.169045,2.750742857142860,97.2828618529551,575592.7913333330,8530.4123333334,17.104689353270500,1145.1134460339500,2.5809436128445500,2.8393526570995200,7.043258990585930,0.9481550734790570,4.577622836503830,-0.0069458705568807,0.002960249643594540,-0.0054317797846631,-0.0044950063671613,-0.0352727272727269,1.3377859090909300,8530.412333333340,524410.3173333330,1,0,-0.0044950063671613,8530.4123333334,8530.412333333340
2018-12-01,20.09,1281.65,252.767,2.8326315789473700,116.2118052631580,2.723375,97.3735940494877,584123.2036666670,8530.412333333280,18.836973012695500,1201.7126163126500,2.553516245816310,2.935821588123760,7.091502998582830,0.9374713292612800,4.578555065570500,0.0964689310242392,0.048244007996906600,-0.0106837442177772,0.0009322290666693,-0.2843684210526320,0.0427602631578878,8530.412333333280,532940.7296666670,1,0,0.0009322290666693,8530.412333333280,8530.412333333280
2019-01-01,20.77,1322.5,252.561,2.713809523809520,114.44249,2.6702142857142900,97.3305868156119,592653.6160000000,8530.412333333280,19.490445268667800,1241.026185258220,2.505713307237800,2.969924359265060,7.123693885109490,0.9185734473906200,4.578113295554220,0.0341027711412968,0.03219088652666090,-0.0188978818706599,-0.0004417700162795,-0.1188220551378440,-1.7693152631579100,8530.412333333280,541471.142,1,0,-0.0004417700162795,8530.412333333280,8530.412333333280
2019-02-01,20.09,1325.45,253.319,2.6763157894736800,114.41300555555600,2.8533157894736800,97.262468551298,603569.0052500000,10915.389250000000,18.79592591751900,1240.0726733387500,2.66952275750297,2.933640139836710,7.122925264412980,0.9818997139275610,4.577413185604590,-0.0362842194283508,-0.0007686206965100700,0.0633262665369416,-0.0007001099496362,-0.0374937343358396,-0.0294844444444351,8530.4123333334,550001.5543333330,1,0,-0.0007001099496362,10915.389250000000,8530.4123333334
2019-03-01,19.33,1291.15,254.277,2.570952380952380,114.78351904761900,2.902047619047620,97.825979748983,614484.3945000000,10915.389250000000,18.01674483928940,1203.4309415027700,2.704886263003020,2.8913015943136800,7.092931874191440,0.9950598644654720,4.583190183369430,-0.0423385455230316,-0.029993390221547700,0.0131601505379101,0.0057769977648431,-0.1053634085213040,0.3705134920634950,8530.412333333280,558531.9666666670,1,0,0.0057769977648431,10915.389250000000,8530.412333333280
2019-04-01,19.05,1285.15,255.233,2.532380952380950,114.90375454545500,2.915114285714290,97.7554990162613,625399.78375,10915.389250000000,17.68926172360160,1193.3519529704200,2.7068881655753200,2.872957773191220,7.084521393652750,0.9957996967293740,4.582469453204000,-0.0183438211224524,-0.008410480538683980,0.0007398322639021,-0.0007207301654288,-0.0385714285714287,0.1202354978354950,8530.412333333280,567062.379,1,0,-0.0007207301654288,10915.389250000000,8530.412333333280
2019-05-01,18.5,1296.0,255.296,2.395,115.95738181818200,2.734636363636360,97.8267002200928,636315.1730000000,10915.389250000100,17.174308939427200,1203.1299667836600,2.5386751214098700,2.8434146008754500,7.092681745703390,0.9316423392027010,4.58319754816617,-0.0295431723157713,0.008160352050642140,-0.064157357526673,0.0007280949621684,-0.1373809523809520,1.0536272727272700,8530.4123333334,575592.7913333330,1,0,0.0007280949621684,10915.389250000100,8530.4123333334
2019-06-01,19.46,1413.2,255.213,2.074,115.42707,2.676075,97.2327278756099,647230.5622500000,10915.389250000000,18.071391563125700,1312.3581992296600,2.485118148884460,2.894330111219890,7.1795809499470200,0.9103202032410940,4.577107361332660,0.0509155103444349,0.0868992042436254,-0.021322135961607,-0.0060901868335063,-0.3210000000000000,-0.5303118181818150,8530.412333333280,584123.2036666670,1,0,-0.0060901868335063,10915.389250000000,8530.412333333280
2019-07-01,20.8,1430.55,255.802,2.059090909090910,115.0775909090910,2.69225,97.357569821746,658145.9515000000,10915.389250000000,19.27129733152990,1325.411269116350,2.494382223115930,2.9586168040589200,7.189478082044680,0.9140410925785030,4.5783904876215100,0.0642866928390346,0.009897132097662190,0.0037208893374095,0.0012831262888424,-0.0149090909090907,-0.3494790909090990,8530.412333333280,592653.6160000000,1,0,0.0012831262888424,10915.389250000000,8530.412333333280
2019-08-01,23.21,1526.55,256.036,1.6263636363636400,117.10038636363600,2.5783590909090900,97.3832716655167,669061.3407500000,10915.389250000000,21.48452021395430,1413.0630905907800,2.386678500968080,3.067332685767670,7.253515031787370,0.8699026507983300,4.578654447083980,0.1087158817087440,0.06403694974269050,-0.0441384417801726,0.0002639594624698,-0.4327272727272730,2.0227954545454700,10915.389250000000,603569.0052500000,1,0,0.0002639594624698,10915.389250000000,10915.389250000000
2019-09-01,21.53,1487.6,256.43,1.6995,117.32392,2.6144,97.2622575194797,679976.7300000000,10915.389250000000,19.8987937351324,1374.8929661116100,2.416321706508600,2.990659113568200,7.226131164242840,0.8822464278754730,4.577411015887430,-0.0766735721994682,-0.027383867544529900,0.0123437770771425,-0.001243431196551,0.0731363636363635,0.2235336363636260,10915.389250000000,614484.3945000000,1,0,-0.001243431196551,10915.389250000000,10915.389250000000
2019-10-01,22.83,1506.4,257.155,1.7068181818181800,116.74625909090900,2.620260869565220,97.4020444579311,690892.1192500000,10915.389250000100,21.04081177694390,1388.3433578969900,2.4149108963212000,3.046463969679590,7.235866486480830,0.8816623904906140,4.57884720075603,0.0558048561113899,0.009735322237985680,-0.000584037384859,0.0014361848686048,0.0073181818181817,-0.5776609090909090,10915.389250000000,625399.78375,1,0,0.0014361848686048,10915.389250000100,10915.389250000000
2019-11-01,21.5,1456.35,257.879,1.8121052631578900,116.55946842105300,2.658175,97.6028479410179,701807.5085000000,10915.389250000000,19.759412844783800,1338.4474835581800,2.442975685520150,2.983629977545440,7.199265626896090,0.8932168395122590,4.580906672716870,-0.0628339921341498,-0.03660085958474200,0.0115544490216447,0.0020594719608411,0.1052870813397130,-0.1867906698564640,10915.389250000100,636315.1730000000,1,0,0.0020594719608411,10915.389250000000,10915.389250000100
2019-12-01,22.66,1523.0,258.63,1.8628571428571400,115.90961,2.766838095238100,97.7590931256757,712722.8977500000,10915.389250000000,20.765029791594200,1395.6372626918800,2.5354578762637600,3.033270311784030,7.241106409079330,0.9303742425332910,4.582506218842570,0.0496403342385938,0.04184078218324850,0.0371574030210327,0.0015995461256999,0.0507518796992481,-0.6498584210526280,10915.389250000000,647230.5622500000,1,0,0.0015995461256999,10915.389250000000,10915.389250000000
2020-01-01,22.71,1580.85,259.127,1.757619047619050,115.27938571428600,2.7455,92.9914837674587,723638.2870000000,10915.389250000000,20.7709337216886,1445.871007218470,2.511078755301450,3.0335545921827400,7.27646719211333,0.920712443802065,4.532507916567330,0.0002842803987097,0.03536078303399660,-0.0096617987312264,-0.0499983022752399,-0.1052380952380950,-0.6302242857142920,10915.389250000000,658145.9515000000,1,0,-0.0499983022752399,10915.389250000000,10915.389250000000
2020-02-01,20.67,1626.35,259.25,1.5042105263157900,116.71054210526300,2.576994736842110,93.2718986976152,735570.9085833340,11932.621583333400,18.89614724204440,1486.7803128736700,2.355842863538550,2.938958051658160,7.3043681970613300,0.8568985672741050,4.535518869533990,-0.0945965405245865,0.027901004948004600,-0.0638138765279602,0.0030109529666546,-0.2534085213032580,1.4311563909774600,10915.389250000000,669061.3407500000,1,0,0.0030109529666546,11932.621583333400,10915.389250000000
2020-03-01,17.84,1604.65,258.076,0.87,121.02274090909100,2.354090909090910,93.025127618836,747503.530166667,11932.621583333400,16.383201925014300,1473.615749381970,2.161857999634360,2.796256537039250,7.2954743531352700,0.7709680369648680,4.53286964610851,-0.1427015146189080,-0.008893843926061070,-0.0859305303092371,-0.0026492234254762,-0.6342105263157900,4.312198803827740,10915.389250000000,679976.7300000000,1,1,-0.0026492234254762,11932.621583333400,10915.389250000000
2020-04-01,18.98,1716.75,256.032,0.6576190476190480,123.28034545454500,2.288552380952380,85.1345985963166,759436.1517500000,11932.621583333400,17.56926171337960,1589.148053026580,2.118449722114350,2.866150881588180,7.3709533359071900,0.750684558026994,4.4442335169536,0.0698943445489361,0.075478982771914,-0.0202834789378736,-0.08863612915491,-0.2123809523809520,2.2576045454545300,10915.389250000100,690892.1192500000,1,1,-0.08863612915491,11932.621583333400,10915.389250000100
2020-05-01,23.47,1725.65,255.802,0.674,122.61501,2.3796,85.8404225018812,771368.7733333340,11932.621583333400,21.74506482552910,1598.8228000074300,2.204710535101370,3.0793868272145800,7.377022887435650,0.7905962236832630,4.452490020280060,0.2132359456263990,0.0060695515284656700,0.0399116656562693,0.0082565033264554,0.0163809523809523,-0.6653354545454280,10915.389250000000,701807.5085000000,1,1,0.0082565033264554,11932.621583333400,10915.389250000000
2020-06-01,23.49,1770.7,257.042,0.7286363636363640,119.67660454545500,2.596763636363640,89.8378766408531,783301.394916667,11932.621583333400,21.658604848624000,1632.6475779250100,2.3943072577810100,3.07540282807747,7.3979582570188200,0.8730939438380380,4.498006675253870,-0.0039839991371115,0.02093536958316730,0.082497720154775,0.0455166549738192,0.0546363636363635,-2.9384054545454700,10915.389250000000,712722.8977500000,1,1,0.0455166549738192,11932.621583333400,10915.389250000000
2020-07-01,30.4,1971.68,258.352,0.6236363636363640,118.69005,2.8789772727272700,92.7379087154524,795234.0165000000,11932.621583333400,27.88773920852170,1808.7400540348100,2.641058137140770,3.328187137347030,7.500385779124660,0.9711796463785620,4.529777328735500,0.2527843092695550,0.10242752210584200,0.0980857025405232,0.0317706534816295,-0.1050000000000000,-0.9865545454545530,10915.389250000000,723638.2870000000,1,1,0.0317706534816295,11932.621583333400,10915.389250000000
2020-08-01,35.74,1970.5,259.316,0.65,116.94534761904800,2.922942857142860,93.982440550125,807166.6380833340,11932.621583333500,32.66455808743000,1800.9376528058400,2.67142240468331,3.486290639575150,7.496062726478930,0.9826110663952460,4.54310796216197,0.1581035022281240,-0.004323052645736960,0.0114314200166845,0.0133306334264657,0.0263636363636363,-1.7447023809523600,11932.621583333400,735570.9085833340,1,1,0.0133306334264657,11932.621583333500,11932.621583333400
2020-09-01,29.36,1893.9,259.997,0.6795238095238100,116.34313333333300,3.0293809523809500,95.5209727194932,819099.2596666670,11932.621583333400,26.763275653180600,1726.395359658000,2.761449505690270,3.2870306363330100,7.453790906628380,1.015755725089730,4.559345833004220,-0.1992600032421410,-0.042271819850541600,0.0331446586944818,0.016237870842251,0.0295238095238095,-0.6022142857142830,11932.621583333400,747503.530166667,1,1,0.016237870842251,11932.621583333400,11932.621583333400
2020-10-01,29.54,1879.9,260.319,0.7871428571428570,115.77981428571400,3.059318181818180,96.591431008639,831031.8812500010,11932.621583333400,26.89404805258160,1711.513911105220,2.7852894444805300,3.2919050001399400,7.445133585956620,1.024351797774440,4.57049003136916,0.0048743638069277,-0.008657320671765060,0.0085960726847149,0.0111441983649394,0.1076190476190480,-0.5633190476190610,11932.621583333400,759436.1517500000,1,1,0.0111441983649394,11932.621583333400,11932.621583333400
2020-11-01,28.19,1779.86,260.911,0.8700000000000000,114.0984,3.2060700000000000,97.6135115617514,842964.5028333340,11932.621583333400,25.606736904538300,1616.7579548390100,2.912273536272910,3.2428554771984400,7.388178160579950,1.068934060082550,4.581015921970070,-0.0490495229414977,-0.05695542537666930,0.0445822623081111,0.0105258906009115,0.0828571428571429,-1.6814142857142700,11932.621583333400,771368.7733333340,1,1,0.0105258906009115,11932.621583333400,11932.621583333400
2020-12-01,32.96,1895.1,262.045,0.9336363636363640,111.89921428571400,3.535172727272730,98.4549014122649,854897.1244166670,11932.621583333400,29.810061935927000,1713.988118166730,3.197321539872580,3.394845985377420,7.446578166908920,1.1623134405200400,4.589598589648450,0.1519905081789850,0.05840000632896740,0.0933793804374847,0.0085826676783797,0.0636363636363634,-2.1991857142857300,11932.621583333400,783301.394916667,1,1,0.0085826676783797,11932.621583333400,11932.621583333400
2021-01-01,33.46,1849.7,262.639,1.0810526315789500,111.48727222222200,3.618763157894740,99.0497304704532,866829.7460000010,11932.621583333400,30.19383471228570,1669.1433373375600,3.2655211193180700,3.40763775493985,7.420065802141680,1.1834193577468200,4.595622051994500,0.0127917695624262,-0.026512364767240700,0.0211059172267795,0.0060234623460475,0.1474162679425840,-0.4119420634920630,11932.621583333400,795234.0165000000,1,0,0.0060234623460475,11932.621583333400,11932.621583333400
2021-02-01,32.69,1728.8,263.573,1.2578947368421100,112.01705263157900,3.849447368421050,98.4264717412666,882970.7905833340,16141.044583333300,29.394464560102900,1554.5166819059600,3.4613779212919500,3.380806376349070,7.348919960805630,1.2416667529398400,4.589309789639180,-0.0268313785907778,-0.07114584133604660,0.0582473951930229,-0.0063122623553173,0.1768421052631580,0.5297804093567320,11932.621583333500,807166.6380833340,1,0,-0.0063122623553173,16141.044583333300,11932.621583333500
2021-03-01,30.12,1715.24,264.847,1.6108695652173900,113.33664347826100,4.079717391304350,99.2072643389951,899111.8351666670,16141.04458333320,26.953270038928100,1534.9046116059500,3.650787667009880,3.294104627245750,7.33622351581413,1.2949429434938900,4.597211240833440,-0.0867017491033266,-0.012696444991499700,0.0532761905540535,0.0079014511942574,0.352974828375286,1.319590846681920,11932.621583333400,819099.2596666670,1,0,0.0079014511942574,16141.04458333320,11932.621583333400
2021-04-01,31.51,1767.7,266.625,1.635,112.63228636363600,4.224909523809520,100.246703039684,915252.8797500000,16141.044583333300,28.009095705579,1571.3004912330100,3.755502862576740,3.3325293040517800,7.359658893824440,1.3232221943794900,4.607634178261180,0.0384246768060378,0.023435378010307600,0.028279250885596,0.0104229374277391,0.0241304347826087,-0.7043571146245,11932.621583333400,831031.8812500010,1,0,0.0104229374277391,16141.044583333300,11932.621583333400
2021-05-01,33.85,1904.74,268.404,1.621,111.21227,4.622425,99.1201215845953,931393.9243333340,16141.04458333320,29.8896783859406,1681.892644278770,4.081618806887190,3.3975132163162700,7.4276750122645100,1.4064936761190200,4.596332463960520,0.0649839122644819,0.06801611844006940,0.0832714817395277,-0.0113017143006555,-0.014,-1.4200163636363800,11932.621583333400,842964.5028333340,1,0,-0.0113017143006555,16141.04458333320,11932.621583333400
2021-06-01,31.35,1771.6,270.71,1.5190909090909100,111.57769545454500,4.392636363636360,99.9492537825718,947534.9689166670,16141.044583333300,27.446362759041000,1551.0040275571600,3.845674357413670,3.3122336549517100,7.346657759921820,1.3469489731225800,4.604662595011300,-0.085279561364556,-0.08101725234268380,-0.0595447029964402,0.0083301310507808,-0.1019090909090910,0.3654254545454590,11932.621583333400,854897.1244166670,1,0,0.0083301310507808,16141.044583333300,11932.621583333400
2021-07-01,30.44,1814.12,271.965,1.3185714285714300,113.06331904761900,4.348738095238100,100.223824555286,963676.0135,16141.04458333320,26.526697442685600,1580.9005376059400,3.789673446447500,3.278151676521720,7.365749924165300,1.332279853494980,4.607405930400790,-0.0340819784299912,0.019092164243479800,-0.0146691196275943,0.0027433353894856,-0.2005194805194810,1.485623593073610,11932.621583333400,866829.7460000010,1,0,0.0027433353894856,16141.04458333320,11932.621583333400
2021-08-01,28.53,1815.8,272.752,1.2831818181818200,113.40253636363600,4.296318181818180,99.8313867469596,979817.0580833330,16141.044583333300,24.79050539501090,1577.7987976256800,3.733189592185310,3.210460732890950,7.363785988603200,1.3172629867984900,4.603482630336290,-0.067690943630764,-0.001963935562100620,-0.0150168666964902,-0.0039233000644962,-0.0353896103896105,0.3392173160172970,16141.044583333300,882970.7905833340,1,0,-0.0039233000644962,16141.044583333300,16141.044583333300
2021-09-01,26.14,1756.66,273.942,1.3747619047619000,113.4437476190480,4.270772727272730,99.371842697587,995958.1026666670,16141.044583333300,22.61510007592850,1519.779713059700,3.6948719444842700,3.118617828121360,7.326320677718970,1.3069458973677500,4.598868800873160,-0.091842904769591,-0.03746531088423130,-0.0103170894307393,-0.0046138294631337,0.0915800865800866,0.0412112554112553,16141.04458333320,899111.8351666670,1,0,-0.0046138294631337,16141.044583333300,16141.04458333320
2021-10-01,28.16,1783.9,276.528,1.5825,114.063485,4.442119047619050,100.402203457315,1012099.14725,16141.04458333320,24.134877046809,1528.9136066691300,3.8071731903968000,3.18365797470582,7.332312701173200,1.3368869689836200,4.609184153802810,0.0650401465844563,0.005992023454228780,0.0299410716158687,0.0103153529296484,0.2077380952380950,0.6197373809523730,16141.044583333300,915252.8797500000,1,0,0.0103153529296484,16141.04458333320,16141.044583333300
2021-11-01,26.66,1775.92,278.824,1.5595,114.989795,4.3619047619047600,101.606108572073,1028240.1918333300,16141.044583333300,22.66112908142770,1509.5405985854900,3.707640166932410,3.1206510814294800,7.319560644171430,1.3103956006355800,4.621103657077900,-0.063006893276337,-0.012752057001767600,-0.0264913683480418,0.0119195032750898,-0.0229999999999999,0.9263100000000150,16141.04458333320,931393.9243333340,1,0,0.0119195032750898,16141.044583333300,16141.04458333320
2021-12-01,27.24,1828.6,280.806,1.465,115.8045380952380,4.3389375,102.565089013213,1044381.2364166700,16141.04458333320,22.99070415162070,1543.3480767861100,3.6620862112655200,3.135089966910690,7.3417094113597,1.2980329881012400,4.630497611804960,0.0144388854812027,0.02214876718826810,-0.0123626125343447,0.0093939547270585,-0.0945000000000002,0.8147430952381000,16141.044583333300,947534.9689166670,1,0,0.0093939547270585,16141.04458333320,16141.044583333300
2022-01-01,25.91,1796.12,282.542,1.764,115.03728,4.439650000000000,102.879177238151,1060522.2810000000,16141.044583333300,21.733814238237100,1506.6205491926900,3.724065163365090,3.078869307545940,7.317624374746800,1.314815857480070,4.633555263160980,-0.0562206593647482,-0.024085036612903300,0.0167828693788305,0.0030576513560198,0.2990000000000000,-0.7672580952380910,16141.04458333320,963676.0135,1,0,0.0030576513560198,16141.044583333300,16141.04458333320
2022-02-01,27.93,1900.7,284.525,1.9342105263157900,114.99774210526300,4.50516,103.491224901877,1089941.114583330,29418.833583333300,23.26494641068450,1583.2324970565000,3.7526783376856200,3.1469477818632500,7.367223920262950,1.3224698084290100,4.639486825554350,0.0680784743173097,0.04959954551615640,0.0076539509489437,0.0059315623933748,0.1702105263157890,-0.0395378947368527,16141.044583333300,979817.0580833330,1,0,0.0059315623933748,29418.833583333300,16141.044583333300
2022-03-01,28.43,1953.04,287.467,2.1278260869565200,116.29083913043500,4.6928913043478300,103.035435974912,1119359.9481666700,29418.833583333300,23.439072145672400,1610.1809871046100,3.8690474095816800,3.154404379696340,7.384101866011180,1.353008329347530,4.635072967653310,0.0074565978330949,0.016877945748223800,0.0305385209185231,-0.0044138579010422,0.1936155606407320,1.293097025171620,16141.044583333300,995958.1026666670,1,0,-0.0044138579010422,29418.833583333300,16141.044583333300
2022-04-01,25.96,1911.7,288.582,2.7475,117.16879523809500,4.646538095238100,101.808738210442,1148778.7817500000,29418.833583333300,21.31999026273300,1570.0086820210500,3.81603031378636,3.0596451425777000,7.35883642827678,1.3392106974188400,4.623095937470380,-0.0947592371186449,-0.02526543773439640,-0.013797631928696,-0.0119770301829333,0.6196739130434780,0.8779561076604520,16141.04458333320,1012099.14725,1,0,-0.0119770301829333,29418.833583333300,16141.04458333320
2022-05-01,24.13,1847.26,291.299,2.8980952380952400,119.69619047619000,4.248261904761910,102.389954949224,1178197.615333330,29418.833583333100,19.632241193756200,1502.9363393111500,3.45639877200713,2.9771731736386200,7.31517603310821,1.2402272297041500,4.628788611594680,-0.08247196893908,-0.04366039516857080,-0.0989834677146843,0.005692674124301,0.1505952380952380,2.527395238095240,16141.044583333300,1028240.1918333300,1,0,0.005692674124301,29418.833583333100,16141.044583333300
2022-06-01,22.76,1817.45,295.072,3.143333333333330,120.02570952381000,4.115750000000000,103.294183664931,1207616.448916670,29418.833583333300,18.2808257984492,1459.7753447887300,3.3057692785574400,2.905852739975510,7.286037829430270,1.1956692082633800,4.637581069263830,-0.0713204336631023,-0.029138203677935500,-0.0445580214407757,0.0087924576691511,0.2452380952380950,0.3295190476190730,16141.04458333320,1044381.2364166700,1,0,0.0087924576691511,29418.833583333300,16141.04458333320
2022-07-01,22.35,1766.43,294.94,2.896,122.7512,3.4272,103.081953444787,1237035.2825000000,29418.833583333300,17.959548086051400,1419.4310749728800,2.7539580850342400,2.8881219003109000,7.258011418885530,1.0130391805226100,4.635524336368930,-0.0177308396646163,-0.028026410544747200,-0.1826300277407650,-0.0020567328948981,-0.2473333333333340,2.7254904761904600,16141.044583333300,1060522.2810000000,1,0,-0.0020567328948981,29418.833583333300,16141.044583333300
2022-08-01,19.67,1708.58,295.162,2.8978260869565200,122.31775217391300,3.605426086956520,103.570514844488,1266454.1160833300,29418.833583333300,15.794121270692000,1371.9125429933400,2.8949942475804700,2.7596377993219700,7.223961062080130,1.06298312400415,4.640252683569300,-0.1284841009889300,-0.03405035680539380,0.0499439434815376,0.0047283472003663,0.0018260869565218,-0.4334478260869470,29418.833583333300,1089941.114583330,1,0,0.0047283472003663,29418.833583333300,29418.833583333300
2022-09-01,20.86,1660.88,296.421,3.5190476190476200,125.5946,3.4528000000000000,104.007272483689,1295872.949666670,29418.833583333300,16.678496142311100,1327.9472997527200,2.760666897419550,2.814120233532140,7.191389645327810,1.0154722800411900,4.644460824424320,0.0544824342101697,-0.03257141675232860,-0.0475108439629607,0.0042081408550265,0.6212215320910980,3.276847826086960,29418.833583333300,1119359.9481666700,1,0,0.0042081408550265,29418.833583333300,29418.833583333300
2022-10-01,20.91,1632.38,297.979,3.9835,127.480605,3.424152380952380,103.476227987012,1325291.783250000,29418.833583333100,16.631059881736600,1298.336180284520,2.723447311899100,2.811272024291020,7.168838862408030,1.001898471922530,4.639341905039730,-0.0028482092411139,-0.022550782919772400,-0.0135738081186551,-0.0051189193845928,0.4644523809523810,1.886004999999980,29418.833583333300,1148778.7817500000,1,0,-0.0051189193845928,29418.833583333100,29418.833583333300
2022-11-01,24.29,1768.61,298.708,3.891,124.85272,3.6565818181818200,103.323572689556,1354710.6168333300,29418.833583333300,19.27224080874970,1403.2555708836100,2.901215534660180,2.95866576049964,7.246550223800960,1.0651297990564800,4.637865546506650,0.1473937362086170,0.07771136139293140,0.063231327133941,-0.0014763585330763,-0.0925000000000006,-2.627884999999990,29418.833583333100,1178197.615333330,1,0,-0.0014763585330763,29418.833583333300,29418.833583333100
2022-12-01,26.26,1824.32,298.808,3.616190476190480,122.23432857142900,3.817890909090910,102.840839242944,1384129.4504166700,29418.833583333300,20.82831100572940,1446.9727469144100,3.028188089889280,3.0363131672868,7.2772288922553700,1.107964450518320,4.633182543030900,0.0776474067871597,0.030678668454402900,0.0428346514618398,-0.0046830034757512,-0.2748095238095240,-2.618391428571430,29418.833583333300,1207616.448916670,1,0,-0.0046830034757512,29418.833583333300,29418.833583333300
2023-01-01,25.74,1928.12,300.456,3.5315,119.810065,4.118690909090910,103.209389911319,1413548.2840000000,29418.833583333300,20.30388823987540,1520.9142576949700,3.2488515894628000,3.0108124066166200,7.327066918346170,1.1783015768079500,4.63675983642113,-0.0255007606701753,0.049838026090799100,0.0703371262896364,0.0035772933902284,-0.0846904761904761,-2.4242635714285700,29418.833583333300,1237035.2825000000,1,0,0.0035772933902284,29418.833583333300,29418.833583333300
2023-02-01,22.59,1826.74,301.476,3.7468421052631600,120.30837368421100,4.0824,103.794251058098,1451210.0898333300,37661.805833333400,17.758858192692000,1436.069792603720,3.2093299108386700,2.876884444545240,7.2696653505188600,1.1660621648329600,4.64241058440125,-0.1339279620713820,-0.057401567827310100,-0.012239411974996,0.0056507479801197,0.2153421052631580,0.498308684210528,29418.833583333300,1266454.1160833300,1,0,0.0056507479801197,37661.805833333400,29418.833583333300
2023-03-01,25.96,1969.55,301.643,3.6630434782608700,120.74501304347800,4.030747826086960,103.899852156573,1488871.8956666700,37661.805833333400,20.39684471378420,1547.4809516962100,3.166969857053880,3.0153802179944600,7.344383695401390,1.1527752496879900,4.643427475164550,0.1384957734492200,0.07471834488252950,-0.0132869151449608,0.001016890763295,-0.0837986270022881,0.4366393592677160,29418.833583333300,1295872.949666670,1,0,0.001016890763295,37661.805833333400,29418.833583333300
2023-04-01,26.86,1990.6,302.858,3.46,119.245145,4.004720000000000,103.20952442004,1526533.701500000,37661.805833333400,21.01931269769990,1557.7454898005000,3.1338965728493200,3.045441667373790,7.350994856090660,1.142277141745780,4.636761139680780,0.0300614493793247,0.0066111606892738100,-0.0104981079422152,-0.0066663354837643,-0.2030434782608700,-1.4998680434782400,29418.833583333100,1325291.783250000,1,0,-0.0066663354837643,37661.805833333400,29418.833583333100
2023-05-01,25.18,1965.2,303.316,3.573636363636360,119.62925454545500,3.7517913043478300,103.807275653898,1564195.5073333300,37661.80583333320,19.674873943346200,1535.546555737250,2.931533795662670,2.979342387337390,7.3366416590156800,1.075525765809600,4.642536061280190,-0.0660992800363993,-0.014353197074979300,-0.0667513759361784,0.0057749215994054,0.1136363636363640,0.3841095454545500,29418.833583333300,1354710.6168333300,1,0,0.0057749215994054,37661.80583333320,29418.833583333300
2023-06-01,24.26,1919.57,304.099,3.7480952380952400,119.29695238095200,3.805163636363640,104.22390689642,1601857.3131666700,37661.805833333400,18.907206057895600,1496.0307309379500,2.9655817377056300,2.939543122304080,7.31057070039426,1.0870732147917300,4.64654153579073,-0.039799265033305,-0.026070958621419400,0.0115474489821338,0.004005474510544,0.1744588744588750,-0.3323021645021810,29418.833583333300,1384129.4504166700,1,0,0.004005474510544,37661.805833333400,29418.833583333300
2023-07-01,26.31,1964.34,304.615,3.8995,118.049165,3.850209523809520,103.896747975696,1639519.119000000,37661.805833333400,20.470154268502900,1528.3292601973000,2.995605584129230,3.018967935966390,7.331930430935350,1.0971464095017700,4.643397598055150,0.0794248136623032,0.02135973054108750,0.0100731947100396,-0.0031439377355821,0.1514047619047610,-1.2477873809523900,29418.833583333300,1413548.2840000000,1,0,-0.0031439377355821,37661.805833333400,29418.833583333300
2023-08-01,25.87,1939.83,306.138,4.167826086956520,119.85634782608700,3.7984,104.328421767691,1677180.9248333300,37661.805833333400,20.027684483794900,1501.751186401230,2.940593612031180,2.997115540588610,7.314387163742430,1.0786114698238800,4.647543825054920,-0.021852395377778,-0.017543267192916500,-0.0185349396778919,0.0041462269997678,0.268326086956522,1.807182826086960,37661.805833333400,1451210.0898333300,1,0,0.0041462269997678,37661.805833333400,37661.805833333400
2023-09-01,23.44,1848.49,307.374,4.379,121.64553,3.757790476190480,104.517166893817,1714842.7306666700,37661.805833333400,18.07349034075750,1425.2843924909100,2.897456905888190,2.8944462426068800,7.262126646468400,1.063833423261180,4.649351334408820,-0.1026692979817230,-0.05226051727402850,-0.0147780465627014,0.0018075093539007,0.2111739130434780,1.789182173913060,37661.805833333400,1488871.8956666700,1,0,0.0018075093539007,37661.805833333400,37661.805833333400
2023-10-01,24.15,1984.01,307.653,4.798095238095240,123.4971476190480,3.653090909090910,104.695388900672,1752504.536500000,37661.80583333320,18.60405152070680,1528.390238409830,2.814173560354150,2.923379380692930,7.331970328749050,1.0346686342437200,4.651055075843350,0.0289331380860469,0.06984368228064410,-0.0291647890174582,0.0017037414345342,0.4190952380952390,1.8516176190476000,37661.805833333400,1526533.701500000,1,0,0.0017037414345342,37661.80583333320,37661.805833333400
2023-11-01,26.44,2044.9,308.087,4.502857142857140,121.22212,3.773636842105260,105.024417072617,1790166.3423333300,37661.80583333360,20.33946992245700,1573.0779895776200,2.9029414919922700,3.0125633294380000,7.360789481980280,1.0657245305136100,4.654192866672200,0.0891839487450689,0.02881915323123700,0.0310558962698905,0.0031377908288456,-0.2952380952380960,-2.27502761904762,37661.80583333320,1564195.5073333300,1,0,0.0031377908288456,37661.80583333360,37661.80583333320
2023-12-01,25.23,2062.92,308.735,4.0200000000000000,119.83314,3.8623238095238100,105.128877935417,1827828.1481666700,37661.80583333320,19.367917963625800,1583.6094064812900,2.9649294764889300,2.9636179839610400,7.367461955149470,1.0868532468342400,4.655187006415750,-0.0489453454769632,0.006672473169190060,0.0211287163206297,0.0009941397435557,-0.4828571428571420,-1.3889799999999900,37661.805833333400,1601857.3131666700,1,0,0.0009941397435557,37661.80583333320,37661.805833333400
2024-01-01,24.19,2039.15,309.794,4.058095238095240,120.22735714285700,3.820173913043480,104.670086930348,1865489.9540000000,37661.805833333400,18.50607930592590,1560.0112284695600,2.922548218156750,2.918099289234600,7.352448297954580,1.0724559131695500,4.650813374384720,-0.0455186947264421,-0.01501365719489470,-0.0143973336646885,-0.0043736320310276,0.0380952380952379,0.3942171428571440,37661.805833333400,1639519.119000000,1,0,-0.0043736320310276,37661.805833333400,37661.805833333400
2024-02-01,23.76,2044.2,311.022,4.2075000000000000,121.06594,3.798019047619050,105.198027628404,1865489.9540000000,0.0,18.10534811042310,1557.700025560890,2.894126977574090,2.896207370341410,7.350965669741940,1.0626835033953800,4.65584455134842,-0.0218919188931856,-0.001482628212637670,-0.0097724097741791,0.005031176963695,0.149404761904762,0.8385828571428530,37661.805833333400,1677180.9248333300,1,0,0.005031176963695,0.0,37661.805833333400
2024-03-01,26.0,2231.56,312.107,4.2085,120.65883333333300,3.988876190476190,104.889577883046,1865489.9540000000,0.0,19.74337486823430,1694.558677729110,3.0289953050594500,2.9828179853616400,7.43517761879168,1.1082309820470200,4.652908157587930,0.0866106150202257,0.08421194904973820,0.0455474786516443,-0.0029363937604856,0.0009999999999994,-0.4071066666666640,37661.805833333400,1714842.7306666700,1,0,-0.0029363937604856,0.0,37661.805833333400
2024-04-01,27.27,2285.99,313.016,4.539090909090910,122.14281363636400,4.355272727272730,105.331787241155,1865489.9540000000,0.0,20.647627349720100,1730.8496386207100,3.297618198721180,3.027600414487090,7.456367687521590,1.19320044991648,4.657115246720780,0.0447824291254517,0.021190068729905100,0.0849694678694601,0.0042070891328434,0.3305909090909090,1.4839803030303100,37661.80583333320,1752504.536500000,1,0,0.0042070891328434,0.0,37661.80583333320
2024-05-01,31.49,2327.28,313.14,4.482272727272730,121.8583409090910,4.758747826086960,105.677844627,1865489.9540000000,0.0,23.833381578527200,1761.4148072427700,3.6016847499243300,3.171087185303670,7.473872632855140,1.2814017220808200,4.660395264727890,0.1434867708165840,0.0175049453335534,0.0882012721643383,0.0032800180071079,-0.0568181818181816,-0.2844727272727430,37661.80583333360,1790166.3423333300,1,0,0.0032800180071079,0.0,37661.80583333360
2024-06-01,30.17,2326.72,313.131,4.3052631578947400,123.7094789473680,4.50056,105.7647255971,1865489.9540000000,0.0,22.834988543133700,1761.0415824686800,3.406371761275630,3.128293944912890,7.473660721203610,1.2256477252200700,4.661217057377280,-0.0427932403907798,-0.0002119116515251210,-0.0557539968607458,0.0008217926493934,-0.1770095693779910,1.851138038277510,37661.80583333320,1827828.1481666700,1,0,0.0008217926493934,0.0,37661.80583333320
2024-07-01,29.31,2409.69,313.566,4.248636363636360,123.38243636363600,4.357426086956520,106.021895310631,1865489.9540000000,0.0,22.15329880312280,1821.309539164000,3.2934616894189700,3.097986415565710,7.507311048348570,1.1919391968521100,4.663645632315840,-0.0303075293471852,0.033650327144959700,-0.033708528367963,0.0024285749385599,-0.0566267942583724,-0.3270425837320520,37661.805833333400,1865489.9540000000,1,0,0.0024285749385599,0.0,37661.805833333400
2024-08-01,29.82,2503.38,314.131,3.87090909090909,122.61374090909100,4.121090909090910,106.276476185895,1865489.9540000000,0.0,22.4982322184057,1888.7198045242300,3.109230726555600,3.113436738052880,7.543654526443530,1.1343753407886200,4.666043964394400,0.0154503224871782,0.03634347809495250,-0.0575638560634861,0.0023983320785596,-0.3777272727272730,-0.7686954545454510,0.0,1865489.9540000000,1,0,0.0023983320785596,0.0,0.0
2024-09-01,32.77,2664.41,314.851,3.7235,121.884855,4.277409523809520,106.211880309375,1865489.9540000000,0.0,24.667373924491300,2005.6148232576700,3.219788225571850,3.20548147673952,7.603705937750990,1.169315588937530,4.665435969871070,0.0920447386866354,0.060051411307463300,0.0349402481489078,-0.0006079945233263,-0.1474090909090910,-0.7288859090909200,0.0,1865489.9540000000,1,0,-0.0006079945233263,0.0,0.0
2024-10-01,33.65,2746.7,315.564,4.095454545454550,123.5952909090910,4.236104347826090,106.804454269094,1865489.9540000000,0.0,25.27255608212600,2062.886472237010,3.181491372962030,3.229719067140500,7.631861481133860,1.1573500720610800,4.670999632295850,0.0242375904009763,0.028155543382869300,-0.0119655168764498,0.0055636624247821,0.3719545454545450,1.7104359090909200,0.0,1865489.9540000000,1,0,0.0055636624247821,0.0,0.0
2024-11-01,31.55,2651.25,316.449,4.35578947368421,126.31133684210500,4.190476190476190,106.808855891159,1865489.9540000000,0.0,23.629100463265800,1985.630827360810,3.138421010893350,3.1624790229019000,7.593691939793570,1.1437198106694600,4.671040843417600,-0.0672400442385994,-0.0381695413402916,-0.0136302613916234,4.12111217444888E-05,0.260334928229665,2.7160459330143600,0.0,1865489.9540000000,1,0,4.12111217444888E-05,0.0,0.0
2024-12-01,29.76,2624.6,317.603,4.391428571428570,127.57578095238100,4.162472727272730,107.606713080185,1865489.9540000000,0.0,22.207510886232200,1958.5293370969400,3.106120914131510,3.1004305598668100,7.579949132364100,1.1333746531804600,4.678483035002610,-0.0620484630350883,-0.013742807429463400,-0.010345157488995,0.0074421915850093,0.0356390977443616,1.2644441102757000,0.0,1865489.9540000000,1,0,0.0074421915850093,0.0,0.0
2025-01-01,32.06,2798.2,319.086,4.629047619047620,128.83695238095200,4.255026086956520,107.291591418899,1865489.9540000000,0.0,23.812627645838400,2078.3685177350300,3.1604289404873500,3.170216013327710,7.639338498445490,1.150707759047450,4.675550281411230,0.0697854534609012,0.05938936608138510,0.0173331058669832,-0.0029327535913798,0.2376190476190470,1.2611714285714000,0.0,1865489.9540000000,1,0,-0.0029327535913798,0.0,0.0
2025-02-01,31.83,2876.21,319.775,4.451052631578950,127.87583157894700,4.5744,108.197776304082,1865489.9540000000,0.0,23.59085514033310,2131.7076174419500,3.390323837698380,3.16085914288266,7.664678635844570,1.2209254441745700,4.68396081448291,-0.0093568704450501,0.025340137399084900,0.0702176851271223,0.0084105330716823,-0.1779949874686710,-0.9611208020049990,0.0,1865489.9540000000,1,0,0.0084105330716823,0.0,0.0
2025-03-01,34.78,3086.34,319.615,4.280476190476190,126.24304285714300,4.938666666666670,108.647306735061,1865489.9540000000,0.0,25.79015648514620,2288.5909018506600,3.662133012113530,3.249992887542400,7.735691580454350,1.2980457678519800,4.688106917946610,0.0891337446597386,0.07101294460977490,0.0771203236774069,0.004146103463702,-0.1705764411027570,-1.6327887218045200,0.0,1865489.9540000000,1,0,0.004146103463702,0.0,0.0
2025-04-01,33.08,3273.5,320.321,4.279047619047620,124.1402,4.678472727272730,108.543691831512,1865489.9540000000,0.0,24.475503916383900,2422.024246380970,3.461547084614840,3.1976727772295000,7.792358934955160,1.241715623416630,4.687152781614140,-0.0523201103128974,0.05666735450080830,-0.0563301444353421,-0.0009541363324769,-0.0014285714285717,-2.1028428571428500,0.0,1865489.9540000000,1,0,-0.0009541363324769,0.0,0.0
2025-05-01,33.38,3289.55,320.58,4.423809523809520,122.3421619047620,4.666472727272730,108.841777668834,1865489.9540000000,0.0,24.677517047226900,2431.9330797694800,3.4498789777619000,3.205892588110070,7.796441726165320,1.238339151518390,4.689895246644900,0.0082198108805684,0.004082791210159980,-0.0033764718982389,0.002742465030761,0.1447619047619050,-1.7980380952381100,0.0,1865489.9540000000,1,0,0.002742465030761,0.0,0.0
2025-06-01,36.08,3266.41,321.5,4.3835,120.59387,4.882590476190480,109.109938743301,1865489.9540000000,0.0,26.597272597200600,2407.9156647511700,3.5993234444493800,3.280808676590860,7.7865167828715300,1.2807458957032200,4.692355986245360,0.0749160884807946,-0.009924943293789570,0.042406744184827,0.002460739600461,-0.0403095238095243,-1.7482919047619000,0.0,1865489.9540000000,1,0,0.002460739600461,0.0,0.0
2025-07-01,37.37,3285.78,322.132,4.391818181818180,120.11269090909100,5.431373913043480,109.237496652703,1865489.9540000000,0.0,27.49418063868230,2417.442570483530,3.996017540311590,3.31397436914048,7.790465471299060,1.3852982502440400,4.693524380311280,0.0331656925496162,0.003948688427537480,0.1045523545408160,0.0011683940659246,0.0083181818181818,-0.4811790909090800,0.0,1865489.9540000000,1,0,0.0011683940659246,0.0,0.0
2025-08-01,39.17,3415.77,323.364,4.2647619047619000,120.57584285714300,4.452876190476190,108.906364134122,1865489.9540000000,0.0,28.70869530157970,2503.5052374336700,3.26362690242634,3.357200049059250,7.825447123812420,1.1828391237136600,4.690488468397760,0.043225679918768,0.03498165251335110,-0.202459126530379,-0.0030359119135177,-0.1270562770562770,0.4631519480519440,0.0,1865489.9540000000,1,0,-0.0030359119135177,0.0,0.0
2025-09-01,46.93,3836.23,324.368,4.12047619047619,120.0290619047620,4.607709090909090,109.953475939948,1865489.9540000000,0.0,34.28973304240860,2802.9683057592000,3.3666549044183300,3.5348459811546000,7.938434243844060,1.2139196414358700,4.700057330325060,0.1776459320953550,0.11298712003164900,0.0310805177222115,0.009568861927292,-0.1442857142857140,-0.5467809523809560,0.0,1865489.9540000000,1,0,0.009568861927292,0.0,0.0
2025-10-01,49.03,4002.77,324.368,4.0618181818181800,120.7618,5.040069565217390,,1865489.9540000000,0.0,35.824112743858800,2924.6519226542100,3.682562111793580,3.5786212070114200,7.980930751782820,1.303608735958800,,0.043775225856816,0.042496507938754900,0.0896890945229265,,-0.0586580086580088,0.7327380952380910,0.0,1865489.9540000000,1,0,,0.0,0.0
2025-11-01,56.74,4217.36,325.031,4.0938888888888900,121.41771666666700,5.0328800000000000,,1865489.9540000000,0.0,41.37291302983410,3075.1580630155300,3.669808010743590,3.722626392058520,8.031111581526230,1.3001393475492100,,0.1440051850471020,0.05018082974340650,-0.0034693884095833,,0.0320707070707069,0.6559166666666700,0.0,1865489.9540000000,1,0,,0.0,0.0
2025-12-01,71.91,4322.36,326.03,4.1431818181818200,120.18832272727300,5.475826086956520,,1865489.9540000000,0.0,52.273704390700200,3142.0632583811300,3.9805550572166600,3.9564934605159300,8.052634951770480,1.3814212711847100,,0.2338670684574100,0.021523370244256800,0.0812819236354929,,0.04929292929293,-1.229393939393940,0.0,1865489.9540000000,1,0,,0.0,0.0